dataset_name,name,sub,im,inceptionv3_avgpool,clip_final,alexnet_2,alexnet_5,efficientnet_avgpool,swav_avgpool,PixCorr,SSIM,dreamsim
deeprecon,art_fgsm_adversarial_0.03_5,KS,1,0.7948717948717948,0.20512820512820512,0.9487179487179487,0.8974358974358975,0.9660368,0.6646302,0.3932238733835885,0.28301862070166983,0.8819882869720459
deeprecon,art_fgsm_adversarial_0.03_5,KS,2,0.6923076923076923,0.3076923076923077,0.5128205128205128,0.9487179487179487,1.0057564,0.69942826,-0.15488808037803695,0.10307473019827412,0.9314371347427368
deeprecon,art_fgsm_adversarial_0.03_5,KS,3,0.46153846153846156,0.6666666666666666,0.9743589743589743,0.02564102564102564,0.93189263,0.58971095,0.04910297309394803,0.31362614488162743,0.8628828525543213
deeprecon,art_fgsm_adversarial_0.03_5,KS,4,0.8974358974358975,0.9487179487179487,0.9230769230769231,0.6153846153846154,1.0342435,0.5408689,0.19421551198368622,0.5503767173111309,0.9599242806434631
deeprecon,art_fgsm_adversarial_0.03_5,KS,5,0.28205128205128205,0.1282051282051282,0.8205128205128205,0.9487179487179487,1.0485427,0.7487863,0.05566077626223539,0.1331829667832146,0.891470730304718
deeprecon,art_fgsm_adversarial_0.03_5,KS,6,0.9230769230769231,0.8461538461538461,0.8205128205128205,0.9230769230769231,0.97819024,0.7465619,0.1639201012171597,0.07965033105275433,0.8810588121414185
deeprecon,art_fgsm_adversarial_0.03_5,KS,7,0.41025641025641024,0.8974358974358975,1.0,0.6153846153846154,1.0787576,0.7140622,0.44803550260608455,0.27190577000174765,0.9787918329238892
deeprecon,art_fgsm_adversarial_0.03_5,KS,8,0.9487179487179487,0.0,0.9230769230769231,1.0,0.9598293,0.63728976,0.4476495781926773,0.4136761924645016,0.8231117725372314
deeprecon,art_fgsm_adversarial_0.03_5,KS,9,0.07692307692307693,0.7948717948717948,0.6153846153846154,0.6923076923076923,0.99087405,0.760416,-0.0351281773701645,0.13921489854606026,0.8679031133651733
deeprecon,art_fgsm_adversarial_0.03_5,KS,10,0.7435897435897436,0.7948717948717948,0.9230769230769231,0.6923076923076923,1.0037996,0.5261179,0.02398169460293538,0.44541317447740375,0.8430118560791016
deeprecon,art_fgsm_adversarial_0.03_5,KS,11,0.6153846153846154,0.358974358974359,0.9487179487179487,0.8461538461538461,0.9300664,0.4841581,0.07103053006838389,0.5834039845733117,0.821864128112793
deeprecon,art_fgsm_adversarial_0.03_5,KS,12,0.1282051282051282,0.3076923076923077,0.9230769230769231,0.717948717948718,1.0024396,0.5678751,0.014376214984165896,0.5324626662794705,0.8909792304039001
deeprecon,art_fgsm_adversarial_0.03_5,KS,13,0.5384615384615384,0.8461538461538461,0.9743589743589743,1.0,1.0181979,0.7274914,0.24474385941971102,0.1478370078804354,0.7789252996444702
deeprecon,art_fgsm_adversarial_0.03_5,KS,14,1.0,0.8717948717948718,0.8717948717948718,0.20512820512820512,0.9579815,0.5970497,-0.036151831178926445,0.46958855062237814,0.9769993424415588
deeprecon,art_fgsm_adversarial_0.03_5,KS,15,0.2564102564102564,0.9743589743589743,1.0,0.8717948717948718,1.0336188,0.6210738,-0.13547054544855808,0.1429564778545833,0.9291146993637085
deeprecon,art_fgsm_adversarial_0.03_5,KS,16,0.3333333333333333,0.1794871794871795,0.9743589743589743,0.8461538461538461,0.9930981,0.53806067,0.13535403167436277,0.5870885752239043,1.0021460056304932
deeprecon,art_fgsm_adversarial_0.03_5,KS,17,0.10256410256410256,0.5897435897435898,0.5641025641025641,0.4358974358974359,1.0020729,0.7421762,0.18145716509675486,0.0908686662302883,0.8801891207695007
deeprecon,art_fgsm_adversarial_0.03_5,KS,18,0.8974358974358975,0.6153846153846154,0.38461538461538464,0.5897435897435898,0.98485947,0.7314303,-0.1683965123815254,0.09586334125574647,0.9155656695365906
deeprecon,art_fgsm_adversarial_0.03_5,KS,19,0.8717948717948718,0.41025641025641024,0.4358974358974359,0.46153846153846156,1.0213408,0.64305055,-0.18556740454725876,0.4901387186077434,0.8986961841583252
deeprecon,art_fgsm_adversarial_0.03_5,KS,20,0.9487179487179487,0.38461538461538464,0.8461538461538461,0.38461538461538464,0.99742055,0.5110117,0.08837926352872721,0.5657199762366383,0.9242210984230042
deeprecon,art_fgsm_adversarial_0.03_5,KS,21,0.717948717948718,0.46153846153846156,0.7435897435897436,0.9487179487179487,0.95514566,0.5254314,0.33954870454107733,0.5175832200602957,0.8397538065910339
deeprecon,art_fgsm_adversarial_0.03_5,KS,22,0.9743589743589743,0.46153846153846156,0.8205128205128205,0.46153846153846156,0.9436329,0.6521421,0.42685520148664946,0.24601472849122846,0.8969336152076721
deeprecon,art_fgsm_adversarial_0.03_5,KS,23,0.4358974358974359,0.4358974358974359,0.717948717948718,0.6410256410256411,1.0510944,0.55966544,0.11108115604777052,0.4476504468126736,0.973967432975769
deeprecon,art_fgsm_adversarial_0.03_5,KS,24,0.38461538461538464,0.7948717948717948,0.8974358974358975,0.8205128205128205,1.0620124,0.6500155,0.21313311205661944,0.4681457366426396,0.9843460321426392
deeprecon,art_fgsm_adversarial_0.03_5,KS,25,0.7435897435897436,0.20512820512820512,0.9743589743589743,1.0,0.9842918,0.5526957,0.4852270248600222,0.4991230462477913,0.7872694730758667
deeprecon,art_fgsm_adversarial_0.03_5,KS,26,0.9743589743589743,0.38461538461538464,1.0,1.0,0.93612975,0.6229415,0.5290344638363448,0.4843611259671065,0.779664158821106
deeprecon,art_fgsm_adversarial_0.03_5,KS,27,0.7948717948717948,0.6666666666666666,0.7692307692307693,0.8974358974358975,0.9918292,0.51098347,0.47547462161657583,0.6046009872176349,0.9567949771881104
deeprecon,art_fgsm_adversarial_0.03_5,KS,28,0.8974358974358975,0.9230769230769231,0.48717948717948717,0.6410256410256411,0.99207526,0.7740805,0.06278375244380816,0.12856057121726236,0.8926956653594971
deeprecon,art_fgsm_adversarial_0.03_5,KS,29,0.10256410256410256,1.0,0.9743589743589743,0.5897435897435898,1.02121,0.7090287,0.15344859640817357,0.22294047098069886,0.902048647403717
deeprecon,art_fgsm_adversarial_0.03_5,KS,30,0.28205128205128205,0.2564102564102564,0.7692307692307693,0.6666666666666666,0.92150426,0.6896373,0.07330886066269925,0.32506007814060595,0.8879490494728088
deeprecon,art_fgsm_adversarial_0.03_5,KS,31,0.6410256410256411,0.38461538461538464,0.8717948717948718,0.7692307692307693,1.0553621,0.5911528,0.040477510634713346,0.4204794054096551,0.952935516834259
deeprecon,art_fgsm_adversarial_0.03_5,KS,32,0.7692307692307693,0.23076923076923078,0.9743589743589743,1.0,1.0298755,0.69705826,0.22113870783014428,0.28399559978177585,0.8792327046394348
deeprecon,art_fgsm_adversarial_0.03_5,KS,33,0.2564102564102564,0.2564102564102564,1.0,0.9743589743589743,0.9997275,0.60264635,0.2638711397629412,0.5161390206253823,0.8913636207580566
deeprecon,art_fgsm_adversarial_0.03_5,KS,34,0.1794871794871795,0.6666666666666666,0.8974358974358975,0.8461538461538461,1.0215273,0.51989317,0.2848699489183534,0.6773925388677656,0.9097012877464294
deeprecon,art_fgsm_adversarial_0.03_5,KS,35,0.358974358974359,0.5128205128205128,0.7692307692307693,0.15384615384615385,1.0311686,0.68671453,0.15956490414680727,0.18397783393680256,0.9207315444946289
deeprecon,art_fgsm_adversarial_0.03_5,KS,36,0.7692307692307693,0.9230769230769231,0.6153846153846154,0.02564102564102564,1.0164616,0.70031,-0.0957030869113927,0.23335634587869195,0.9739076495170593
deeprecon,art_fgsm_adversarial_0.03_5,KS,37,0.717948717948718,0.3076923076923077,0.48717948717948717,0.5128205128205128,0.9936603,0.5335444,-0.023607757662954913,0.6430351524193375,0.8430607318878174
deeprecon,art_fgsm_adversarial_0.03_5,KS,38,0.3333333333333333,0.05128205128205128,0.8461538461538461,0.9230769230769231,0.98848987,0.6912954,0.04256295321837567,0.2589786943459936,0.8882496356964111
deeprecon,art_fgsm_adversarial_0.03_5,KS,39,0.20512820512820512,0.8205128205128205,0.8717948717948718,0.5384615384615384,1.0185931,0.74180853,-0.0955078170183403,0.14846356816890124,0.9291536211967468
deeprecon,art_fgsm_adversarial_0.03_5,KS,40,0.6410256410256411,0.7435897435897436,0.9487179487179487,0.8205128205128205,0.98972976,0.70686257,0.16118412132972215,0.19529394624629737,0.7653989791870117
deeprecon,art_fgsm_adversarial_0.03_5,AM,1,0.9487179487179487,0.38461538461538464,1.0,0.8974358974358975,1.0289152,0.68958324,0.25644859021855704,0.3411193875409004,0.8746485710144043
deeprecon,art_fgsm_adversarial_0.03_5,AM,2,0.6666666666666666,0.48717948717948717,0.20512820512820512,1.0,1.0230365,0.7103405,-0.18942663362193038,0.18927130230152436,0.9361791610717773
deeprecon,art_fgsm_adversarial_0.03_5,AM,3,0.5897435897435898,0.5384615384615384,0.9743589743589743,0.8717948717948718,0.9776314,0.61560714,0.11418722913296252,0.27215429226398846,0.8346120715141296
deeprecon,art_fgsm_adversarial_0.03_5,AM,4,0.5641025641025641,0.9487179487179487,0.9743589743589743,0.8974358974358975,0.97919035,0.49756718,0.4235029132621539,0.42038820849724556,0.8724460005760193
deeprecon,art_fgsm_adversarial_0.03_5,AM,5,0.6923076923076923,0.05128205128205128,0.7692307692307693,0.8717948717948718,1.0233954,0.7641594,0.006349783377504031,0.08958075128765466,0.8569234609603882
deeprecon,art_fgsm_adversarial_0.03_5,AM,6,1.0,0.41025641025641024,0.4358974358974359,0.7948717948717948,1.0354462,0.7412845,0.198249267869489,0.11659680039724014,0.9498284459114075
deeprecon,art_fgsm_adversarial_0.03_5,AM,7,0.4358974358974359,0.9487179487179487,1.0,0.9743589743589743,1.0062524,0.71467984,0.23692817018427834,0.15354971036727758,0.8670156598091125
deeprecon,art_fgsm_adversarial_0.03_5,AM,8,0.7692307692307693,0.0,0.6153846153846154,0.717948717948718,0.9854854,0.62336993,0.11905202634043197,0.26584010247142836,0.8837869763374329
deeprecon,art_fgsm_adversarial_0.03_5,AM,9,0.46153846153846156,0.9743589743589743,0.9487179487179487,1.0,1.021053,0.70648384,-0.027602456091013788,0.18639269019757887,0.885483980178833
deeprecon,art_fgsm_adversarial_0.03_5,AM,10,0.10256410256410256,0.5128205128205128,0.7948717948717948,0.8205128205128205,0.99743927,0.5567722,0.18542972208261269,0.5394498779398296,0.9558360576629639
deeprecon,art_fgsm_adversarial_0.03_5,AM,11,0.1794871794871795,0.28205128205128205,1.0,0.8717948717948718,0.99034345,0.5662477,0.02827590645653335,0.46097766539161006,0.891845703125
deeprecon,art_fgsm_adversarial_0.03_5,AM,12,0.20512820512820512,0.2564102564102564,0.8205128205128205,0.6153846153846154,0.94328916,0.55382025,0.17754307341513068,0.46085174838678944,0.8660305738449097
deeprecon,art_fgsm_adversarial_0.03_5,AM,13,0.4358974358974359,0.8205128205128205,0.8974358974358975,1.0,1.0161791,0.67148507,0.3051457214537756,0.18626356823676649,0.7310432195663452
deeprecon,art_fgsm_adversarial_0.03_5,AM,14,0.1794871794871795,0.8205128205128205,0.4358974358974359,0.46153846153846156,1.0596906,0.655212,-0.39148402378241737,0.35894807226223024,0.9846601486206055
deeprecon,art_fgsm_adversarial_0.03_5,AM,15,0.6923076923076923,0.9487179487179487,0.7435897435897436,0.23076923076923078,0.98263884,0.67634046,-0.20789697166458498,0.21342797830757274,0.9182406067848206
deeprecon,art_fgsm_adversarial_0.03_5,AM,16,0.9230769230769231,0.23076923076923078,0.8974358974358975,0.8974358974358975,0.9005992,0.49670124,0.07879214510529886,0.54629907827633,0.8904106020927429
deeprecon,art_fgsm_adversarial_0.03_5,AM,17,0.0,0.358974358974359,0.9230769230769231,0.8461538461538461,0.9655244,0.7710926,0.08602738684353713,0.12664296560892727,0.877510130405426
deeprecon,art_fgsm_adversarial_0.03_5,AM,18,0.23076923076923078,0.8461538461538461,0.8974358974358975,0.9743589743589743,1.0507348,0.7596053,-0.0024715877610273825,0.1373281608905904,0.9304531216621399
deeprecon,art_fgsm_adversarial_0.03_5,AM,19,0.6153846153846154,0.5897435897435898,0.5897435897435898,0.6410256410256411,1.0019337,0.6937492,-0.013948863696317967,0.3259797989102206,0.9265342354774475
deeprecon,art_fgsm_adversarial_0.03_5,AM,20,0.7692307692307693,0.8461538461538461,1.0,0.9743589743589743,1.0228381,0.4805758,0.15387832672914095,0.5962827834500044,0.839216947555542
deeprecon,art_fgsm_adversarial_0.03_5,AM,21,1.0,0.05128205128205128,0.6410256410256411,0.8461538461538461,1.0193286,0.5553941,0.13479281403201204,0.5552364433259317,0.8928835391998291
deeprecon,art_fgsm_adversarial_0.03_5,AM,22,0.7435897435897436,0.07692307692307693,0.5128205128205128,0.46153846153846156,1.0075233,0.6049284,0.10156340568057566,0.3274694121259718,0.8688951134681702
deeprecon,art_fgsm_adversarial_0.03_5,AM,23,0.1794871794871795,0.6923076923076923,1.0,0.7948717948717948,1.056017,0.53280604,0.5337573096367061,0.5316426685184229,0.8672948479652405
deeprecon,art_fgsm_adversarial_0.03_5,AM,24,0.3076923076923077,0.8974358974358975,1.0,0.7948717948717948,1.016838,0.5818441,0.1343855521996877,0.4702880512834237,0.8964629173278809
deeprecon,art_fgsm_adversarial_0.03_5,AM,25,0.3333333333333333,0.41025641025641024,0.8461538461538461,1.0,0.97246975,0.56223005,0.35791551751434053,0.5526776902852468,0.6928438544273376
deeprecon,art_fgsm_adversarial_0.03_5,AM,26,0.8974358974358975,0.8717948717948718,0.9743589743589743,0.9487179487179487,0.9545318,0.61597556,0.3909920591610295,0.34156007270874505,0.8284939527511597
deeprecon,art_fgsm_adversarial_0.03_5,AM,27,0.8205128205128205,0.7435897435897436,1.0,0.9230769230769231,1.010339,0.5824008,0.3798941983004562,0.45919219549387,0.874943733215332
deeprecon,art_fgsm_adversarial_0.03_5,AM,28,0.6923076923076923,0.8974358974358975,1.0,0.8974358974358975,0.9525068,0.6983511,-0.12734233475820136,0.08184120174803405,0.8059831261634827
deeprecon,art_fgsm_adversarial_0.03_5,AM,29,0.9230769230769231,0.8974358974358975,0.9230769230769231,0.7692307692307693,1.0190035,0.7447744,-0.08156044636951051,0.11219244246488494,0.9260174036026001
deeprecon,art_fgsm_adversarial_0.03_5,AM,30,0.717948717948718,0.5128205128205128,0.8205128205128205,0.9743589743589743,1.0084449,0.7209056,0.07499510798681827,0.324133708954752,0.7949055433273315
deeprecon,art_fgsm_adversarial_0.03_5,AM,31,0.5384615384615384,0.3333333333333333,0.6153846153846154,0.6153846153846154,0.9755686,0.55577433,0.11295271024879507,0.49381493761842205,0.8755687475204468
deeprecon,art_fgsm_adversarial_0.03_5,AM,32,0.6923076923076923,0.10256410256410256,0.9743589743589743,1.0,0.97577214,0.6351927,0.31851264069126506,0.40922416359735175,0.7882764339447021
deeprecon,art_fgsm_adversarial_0.03_5,AM,33,0.38461538461538464,0.38461538461538464,1.0,0.9743589743589743,0.9853678,0.60388315,0.23331084188055912,0.48590388268431245,0.8053801655769348
deeprecon,art_fgsm_adversarial_0.03_5,AM,34,0.1794871794871795,0.8461538461538461,0.8205128205128205,0.717948717948718,0.9870668,0.5120523,0.5070999740646808,0.548325705831818,0.9058444499969482
deeprecon,art_fgsm_adversarial_0.03_5,AM,35,0.7948717948717948,0.8461538461538461,0.48717948717948717,0.9743589743589743,0.996338,0.7250135,0.0902922865283938,0.17598697891821088,0.8768512010574341
deeprecon,art_fgsm_adversarial_0.03_5,AM,36,0.07692307692307693,0.8717948717948718,0.9487179487179487,0.6666666666666666,1.053926,0.6526687,-0.14786033670324294,0.21115792712865483,0.9038335084915161
deeprecon,art_fgsm_adversarial_0.03_5,AM,37,0.3333333333333333,0.9487179487179487,0.9743589743589743,0.9487179487179487,1.0459266,0.5773823,0.16724307376186495,0.46774109576250833,0.8340634107589722
deeprecon,art_fgsm_adversarial_0.03_5,AM,38,0.20512820512820512,0.41025641025641024,0.9230769230769231,0.9230769230769231,0.9922527,0.7119616,0.11662545384966448,0.16018873405313797,0.8477734327316284
deeprecon,art_fgsm_adversarial_0.03_5,AM,39,0.38461538461538464,0.7692307692307693,0.717948717948718,0.6666666666666666,0.9834784,0.7188731,-0.07386736674920241,0.17703422169259084,0.9222657084465027
deeprecon,art_fgsm_adversarial_0.03_5,AM,40,0.05128205128205128,0.8717948717948718,0.8461538461538461,0.5641025641025641,1.0281239,0.68987197,0.018186281033040298,0.1272059040706852,0.9185258746147156
deeprecon,art_fgsm_adversarial_0.03_5,ES,1,0.05128205128205128,0.02564102564102564,0.7692307692307693,0.6153846153846154,1.0642202,0.73302674,0.3013787008364988,0.371038113466053,0.9276832938194275
deeprecon,art_fgsm_adversarial_0.03_5,ES,2,0.2564102564102564,0.4358974358974359,0.23076923076923078,0.9487179487179487,0.97172517,0.6997391,-0.051459703038634626,0.22012510654718837,0.8669705390930176
deeprecon,art_fgsm_adversarial_0.03_5,ES,3,0.717948717948718,0.5897435897435898,0.2564102564102564,0.5641025641025641,1.0966893,0.59398675,-0.0660703154173966,0.0952591428621063,0.9260592460632324
deeprecon,art_fgsm_adversarial_0.03_5,ES,4,0.20512820512820512,0.8461538461538461,0.23076923076923078,0.28205128205128205,0.96490514,0.6051773,-0.028031387148705643,0.2739549253649579,0.9358410835266113
deeprecon,art_fgsm_adversarial_0.03_5,ES,5,0.6410256410256411,0.5384615384615384,0.28205128205128205,0.5128205128205128,0.9943595,0.7247925,-0.24493762420652676,0.23381610151779003,0.8798537254333496
deeprecon,art_fgsm_adversarial_0.03_5,ES,6,0.05128205128205128,0.717948717948718,1.0,0.9487179487179487,1.0401347,0.8032048,0.17107009278864393,0.11288863222599292,0.9007164239883423
deeprecon,art_fgsm_adversarial_0.03_5,ES,7,0.8717948717948718,0.8205128205128205,0.7948717948717948,0.38461538461538464,1.0461524,0.71490586,0.07055251712146529,0.22564999397873514,0.927699089050293
deeprecon,art_fgsm_adversarial_0.03_5,ES,8,0.8461538461538461,0.0,0.5641025641025641,1.0,1.0437616,0.606693,0.34797703595769525,0.5118996258759193,0.8309623003005981
deeprecon,art_fgsm_adversarial_0.03_5,ES,9,0.5897435897435898,0.7948717948717948,0.6153846153846154,0.1794871794871795,0.9576517,0.6917137,0.018139739746037466,0.305499510869408,0.8993776440620422
deeprecon,art_fgsm_adversarial_0.03_5,ES,10,0.41025641025641024,0.6410256410256411,0.41025641025641024,0.8974358974358975,1.0101333,0.53363633,0.12441032625245906,0.4221155770828298,0.9276136755943298
deeprecon,art_fgsm_adversarial_0.03_5,ES,11,0.02564102564102564,0.46153846153846156,0.28205128205128205,0.358974358974359,1.0179082,0.5553075,-0.018772552392336408,0.4913615756478888,0.9513827562332153
deeprecon,art_fgsm_adversarial_0.03_5,ES,12,0.23076923076923078,0.5897435897435898,0.9230769230769231,0.717948717948718,1.032848,0.6198759,-0.07626577618143666,0.20650626286977863,0.926880955696106
deeprecon,art_fgsm_adversarial_0.03_5,ES,13,0.8974358974358975,0.3333333333333333,0.8205128205128205,0.9487179487179487,1.0012681,0.7437656,0.02992507814754859,0.09313943798329358,0.8438944816589355
deeprecon,art_fgsm_adversarial_0.03_5,ES,14,1.0,0.9487179487179487,0.8205128205128205,0.8974358974358975,1.0293907,0.6481396,-0.2000889917845172,0.4258350435391355,0.9118934869766235
deeprecon,art_fgsm_adversarial_0.03_5,ES,15,0.5384615384615384,0.9487179487179487,0.3076923076923077,0.5128205128205128,1.0165943,0.67052084,0.17152197590251572,0.33185266599986485,0.9350457191467285
deeprecon,art_fgsm_adversarial_0.03_5,ES,16,0.5384615384615384,0.2564102564102564,0.8461538461538461,0.5897435897435898,1.03171,0.50713634,-0.1483898903134822,0.24371882836785652,0.93804532289505
deeprecon,art_fgsm_adversarial_0.03_5,ES,17,0.05128205128205128,0.46153846153846156,0.7435897435897436,0.717948717948718,0.99211717,0.72953737,-0.11549588143951617,0.39536182035087486,0.9076060056686401
deeprecon,art_fgsm_adversarial_0.03_5,ES,18,0.6666666666666666,0.6923076923076923,0.9230769230769231,0.7692307692307693,0.9761149,0.8173473,-0.11621430537443711,0.2065303123895187,0.935929536819458
deeprecon,art_fgsm_adversarial_0.03_5,ES,19,0.20512820512820512,0.2564102564102564,0.717948717948718,0.6666666666666666,1.0436094,0.6599529,0.4733290224882346,0.2290400006194182,0.9234920740127563
deeprecon,art_fgsm_adversarial_0.03_5,ES,20,0.8205128205128205,0.8461538461538461,1.0,0.8205128205128205,1.0062535,0.5258058,0.5149463552995525,0.5180461172877217,0.9478963017463684
deeprecon,art_fgsm_adversarial_0.03_5,ES,21,0.05128205128205128,0.1282051282051282,0.0,0.38461538461538464,0.9626705,0.51164293,-0.027888411895804658,0.23734089026849117,0.9734441041946411
deeprecon,art_fgsm_adversarial_0.03_5,ES,22,0.9230769230769231,0.2564102564102564,0.48717948717948717,0.28205128205128205,1.0371344,0.67045265,0.042393106558845976,0.43410085129234954,0.8925858736038208
deeprecon,art_fgsm_adversarial_0.03_5,ES,23,0.1794871794871795,0.4358974358974359,0.8461538461538461,0.7692307692307693,0.95577365,0.5599966,0.49647219476682763,0.5636810363839797,0.9421059489250183
deeprecon,art_fgsm_adversarial_0.03_5,ES,24,0.4358974358974359,0.8974358974358975,0.9230769230769231,0.3333333333333333,1.0174024,0.6440218,-0.11157031900040347,0.5447750905878755,0.9386265277862549
deeprecon,art_fgsm_adversarial_0.03_5,ES,25,0.20512820512820512,0.02564102564102564,0.38461538461538464,0.5384615384615384,1.0255684,0.57449514,-0.005634194988809731,0.5672795681361972,0.9367170929908752
deeprecon,art_fgsm_adversarial_0.03_5,ES,26,0.5128205128205128,0.7948717948717948,0.20512820512820512,0.23076923076923078,1.0539544,0.5998745,-0.5062892303339679,0.08118028569933806,0.9161990284919739
deeprecon,art_fgsm_adversarial_0.03_5,ES,27,0.4358974358974359,0.6410256410256411,0.1794871794871795,0.6153846153846154,1.0017838,0.58227086,-0.13670236878528758,0.29647076479564344,0.8806068301200867
deeprecon,art_fgsm_adversarial_0.03_5,ES,28,0.10256410256410256,0.6923076923076923,0.7692307692307693,0.9487179487179487,0.98227197,0.6573217,0.2812967822083266,0.3299917210185171,0.8674842715263367
deeprecon,art_fgsm_adversarial_0.03_5,ES,29,0.3333333333333333,0.8717948717948718,0.7692307692307693,0.8205128205128205,0.99027866,0.69684017,0.1705588458479382,0.40750723499210023,0.9455819725990295
deeprecon,art_fgsm_adversarial_0.03_5,ES,30,0.1282051282051282,0.6410256410256411,0.8461538461538461,0.717948717948718,0.98759055,0.697286,0.11181207652773174,0.36398218122543247,0.8635307550430298
deeprecon,art_fgsm_adversarial_0.03_5,ES,31,0.48717948717948717,0.28205128205128205,0.358974358974359,0.358974358974359,0.9861211,0.6445572,-0.0008797114845381747,0.46032232813595925,0.9633995890617371
deeprecon,art_fgsm_adversarial_0.03_5,ES,32,0.9743589743589743,0.05128205128205128,0.8717948717948718,1.0,1.027523,0.71379673,-0.036760668078005015,0.06599709748880397,0.8951891660690308
deeprecon,art_fgsm_adversarial_0.03_5,ES,33,0.1282051282051282,0.4358974358974359,0.9743589743589743,1.0,0.9726664,0.5490002,0.07305478001832348,0.4350672590254768,0.8496392369270325
deeprecon,art_fgsm_adversarial_0.03_5,ES,34,0.9230769230769231,0.9743589743589743,0.717948717948718,0.9487179487179487,1.0024838,0.5509702,0.00338322198986439,0.3112281758537095,0.9117793440818787
deeprecon,art_fgsm_adversarial_0.03_5,ES,35,0.8205128205128205,0.9230769230769231,0.6153846153846154,0.23076923076923078,0.9708525,0.67201257,-0.3331167150635911,0.10374847800480205,0.8477169871330261
deeprecon,art_fgsm_adversarial_0.03_5,ES,36,0.5897435897435898,0.9487179487179487,1.0,0.9230769230769231,0.9844786,0.6936523,-0.17972565913536426,0.20280810762276427,0.8832107782363892
deeprecon,art_fgsm_adversarial_0.03_5,ES,37,0.717948717948718,0.1794871794871795,0.38461538461538464,0.9230769230769231,0.9907977,0.6151188,-0.15897488549334193,0.0925979866777698,0.9049555063247681
deeprecon,art_fgsm_adversarial_0.03_5,ES,38,0.7692307692307693,0.2564102564102564,0.07692307692307693,0.4358974358974359,1.0223864,0.67067707,-0.03147143941751967,0.31363972474670243,0.8898038864135742
deeprecon,art_fgsm_adversarial_0.03_5,ES,39,0.8205128205128205,0.7435897435897436,0.3076923076923077,0.48717948717948717,0.9756453,0.7353269,-0.08121918115413072,0.20720240233938209,0.892050564289093
deeprecon,art_fgsm_adversarial_0.03_5,ES,40,0.6666666666666666,0.9230769230769231,0.9230769230769231,0.07692307692307693,0.96123916,0.739028,0.01793690022713107,0.17119021838147436,0.853380560874939
deeprecon,art_fgsm_adversarial_0.03_5,JK,1,0.3333333333333333,0.15384615384615385,0.9743589743589743,0.9487179487179487,1.0305206,0.6172442,0.5657678832332093,0.5326311259521576,0.7753799557685852
deeprecon,art_fgsm_adversarial_0.03_5,JK,2,0.9743589743589743,0.5128205128205128,0.6666666666666666,0.9487179487179487,1.0264025,0.65478945,-0.17918480870771716,0.1396380494378895,0.9152817726135254
deeprecon,art_fgsm_adversarial_0.03_5,JK,3,0.5897435897435898,0.7435897435897436,0.8461538461538461,0.5641025641025641,0.9859651,0.59253097,0.026740125561689237,0.5018859872674085,0.8499051928520203
deeprecon,art_fgsm_adversarial_0.03_5,JK,4,0.0,0.9230769230769231,0.9743589743589743,0.8461538461538461,1.0003934,0.53483343,0.38485711048537835,0.4677456645363643,0.8968191742897034
deeprecon,art_fgsm_adversarial_0.03_5,JK,5,0.358974358974359,0.07692307692307693,0.5897435897435898,1.0,1.0376703,0.7776822,-0.041482467583247674,0.15059003128349607,0.8825840353965759
deeprecon,art_fgsm_adversarial_0.03_5,JK,6,0.358974358974359,0.28205128205128205,0.717948717948718,0.4358974358974359,0.99845314,0.76836896,0.10955169852365124,0.046830569665123355,0.9493293762207031
deeprecon,art_fgsm_adversarial_0.03_5,JK,7,0.8461538461538461,0.717948717948718,1.0,0.9487179487179487,0.99740064,0.7163098,0.262473877633834,0.24487973221654294,0.9087796807289124
deeprecon,art_fgsm_adversarial_0.03_5,JK,8,0.8205128205128205,0.02564102564102564,0.8717948717948718,0.7948717948717948,1.0257119,0.68387693,0.4261268644493533,0.43550782961559104,0.8851749897003174
deeprecon,art_fgsm_adversarial_0.03_5,JK,9,0.7435897435897436,0.6153846153846154,0.8205128205128205,0.8974358974358975,1.057639,0.68797934,0.010432021873843737,0.28946248428368676,0.9539453387260437
deeprecon,art_fgsm_adversarial_0.03_5,JK,10,0.6923076923076923,0.5897435897435898,0.8205128205128205,0.7948717948717948,0.96059465,0.48181456,0.4346904853954611,0.5919649225894487,0.9546148777008057
deeprecon,art_fgsm_adversarial_0.03_5,JK,11,0.15384615384615385,0.48717948717948717,0.9487179487179487,0.5641025641025641,0.92249656,0.57117534,0.03212932395862152,0.412087777372084,0.8658348321914673
deeprecon,art_fgsm_adversarial_0.03_5,JK,12,0.9487179487179487,0.3076923076923077,0.6153846153846154,0.8717948717948718,1.0494816,0.545437,-0.016658251952032504,0.5517923210078002,0.8799628019332886
deeprecon,art_fgsm_adversarial_0.03_5,JK,13,0.6923076923076923,0.2564102564102564,1.0,1.0,1.0003314,0.69083166,0.12919201005456682,0.0941902468842184,0.8568559885025024
deeprecon,art_fgsm_adversarial_0.03_5,JK,14,0.9743589743589743,0.9487179487179487,0.7948717948717948,0.6410256410256411,1.0080646,0.67588913,-0.21987483997739138,0.43046127292608855,0.9621452689170837
deeprecon,art_fgsm_adversarial_0.03_5,JK,15,0.8974358974358975,1.0,0.9230769230769231,0.8974358974358975,0.99114853,0.6875373,-0.19670623647730345,0.21964656812047198,0.8598098158836365
deeprecon,art_fgsm_adversarial_0.03_5,JK,16,0.5641025641025641,0.2564102564102564,0.7948717948717948,0.23076923076923078,0.9825514,0.53843343,0.21906980259239414,0.4765011933354094,0.92596036195755
deeprecon,art_fgsm_adversarial_0.03_5,JK,17,1.0,0.5897435897435898,0.9743589743589743,1.0,1.0011832,0.7457726,0.37284636740886773,0.14831199382530755,0.9045653343200684
deeprecon,art_fgsm_adversarial_0.03_5,JK,18,0.3076923076923077,0.717948717948718,0.358974358974359,0.8974358974358975,1.0204057,0.73582655,-0.13271100996663623,0.11810517789522253,0.9100481271743774
deeprecon,art_fgsm_adversarial_0.03_5,JK,19,0.9230769230769231,0.48717948717948717,0.9487179487179487,0.9743589743589743,1.0144374,0.65278476,0.05708713520668729,0.4558130778701155,0.8707906007766724
deeprecon,art_fgsm_adversarial_0.03_5,JK,20,0.15384615384615385,0.38461538461538464,0.7692307692307693,0.358974358974359,0.99936014,0.53754675,-0.12390006773753089,0.5055397525626583,0.9658645987510681
deeprecon,art_fgsm_adversarial_0.03_5,JK,21,0.6923076923076923,0.46153846153846156,1.0,0.9487179487179487,0.9843596,0.55448335,0.3486940843726459,0.4535713593485919,0.8029388785362244
deeprecon,art_fgsm_adversarial_0.03_5,JK,22,0.5128205128205128,0.46153846153846156,1.0,1.0,1.0473459,0.68692714,0.45100809912906564,0.43951345473274733,0.827545702457428
deeprecon,art_fgsm_adversarial_0.03_5,JK,23,0.5641025641025641,0.6923076923076923,0.9743589743589743,0.8717948717948718,1.0288345,0.5015605,0.28210122677548616,0.5905960732791101,0.8729632496833801
deeprecon,art_fgsm_adversarial_0.03_5,JK,24,0.717948717948718,0.6666666666666666,0.41025641025641024,0.41025641025641024,1.0385604,0.63267094,0.14274254164840786,0.3854168538435217,0.9283899664878845
deeprecon,art_fgsm_adversarial_0.03_5,JK,25,0.6410256410256411,0.20512820512820512,0.9743589743589743,0.9743589743589743,0.9918328,0.5833452,0.31118178101340777,0.39573564166562386,0.7892599105834961
deeprecon,art_fgsm_adversarial_0.03_5,JK,26,0.6153846153846154,0.7435897435897436,1.0,1.0,1.0084348,0.6390779,0.28433029522497133,0.4213514131701392,0.7012596130371094
deeprecon,art_fgsm_adversarial_0.03_5,JK,27,0.23076923076923078,0.5897435897435898,0.8717948717948718,0.9230769230769231,0.8668591,0.5580708,0.4409087517803834,0.4629328967637125,0.9003311991691589
deeprecon,art_fgsm_adversarial_0.03_5,JK,28,0.6153846153846154,0.48717948717948717,0.5897435897435898,1.0,0.985455,0.72925436,-0.02695152701758658,0.19025309837281615,0.8795334696769714
deeprecon,art_fgsm_adversarial_0.03_5,JK,29,0.2564102564102564,0.8974358974358975,0.717948717948718,0.46153846153846156,0.9754635,0.7267095,0.008345055002481198,0.15820706718671892,0.8732413053512573
deeprecon,art_fgsm_adversarial_0.03_5,JK,30,0.7692307692307693,0.8717948717948718,0.8974358974358975,0.8974358974358975,1.0568744,0.6978595,0.15123153155788116,0.43367657119949243,0.7975564002990723
deeprecon,art_fgsm_adversarial_0.03_5,JK,31,0.5128205128205128,0.6923076923076923,0.7948717948717948,0.7948717948717948,0.95754784,0.50908977,-0.0035414705389459522,0.5459133984570943,0.9057795405387878
deeprecon,art_fgsm_adversarial_0.03_5,JK,32,0.41025641025641024,0.05128205128205128,0.02564102564102564,1.0,1.0260706,0.67582345,0.20866974564917642,0.3637950195685966,0.9246688485145569
deeprecon,art_fgsm_adversarial_0.03_5,JK,33,0.4358974358974359,0.28205128205128205,0.9487179487179487,1.0,0.93131095,0.581957,0.29041409136710705,0.4962190694702019,0.8161439299583435
deeprecon,art_fgsm_adversarial_0.03_5,JK,34,0.8461538461538461,0.8717948717948718,0.9743589743589743,0.717948717948718,0.9614399,0.5523795,0.4692788211579203,0.45135061027742923,0.9279677271842957
deeprecon,art_fgsm_adversarial_0.03_5,JK,35,0.2564102564102564,0.2564102564102564,0.9230769230769231,0.9230769230769231,1.0742898,0.6839788,-0.094340770244251,0.1062067299318923,0.9456542730331421
deeprecon,art_fgsm_adversarial_0.03_5,JK,36,0.2564102564102564,0.8974358974358975,0.9230769230769231,0.6410256410256411,1.0017309,0.59882206,-0.08030608505171218,0.12050415180404629,0.8302419781684875
deeprecon,art_fgsm_adversarial_0.03_5,JK,37,0.48717948717948717,0.3076923076923077,0.5384615384615384,0.48717948717948717,0.9937477,0.60084075,0.10592713990854148,0.467533655130114,0.8506841659545898
deeprecon,art_fgsm_adversarial_0.03_5,JK,38,0.1794871794871795,0.38461538461538464,0.8205128205128205,0.9230769230769231,1.0472125,0.71071255,0.004239889364037038,0.07534358054697003,0.8963360786437988
deeprecon,art_fgsm_adversarial_0.03_5,JK,39,0.4358974358974359,0.8717948717948718,0.717948717948718,0.5897435897435898,1.0269542,0.7044874,-0.262929095518614,0.1813302184074011,0.8982690572738647
deeprecon,art_fgsm_adversarial_0.03_5,JK,40,0.23076923076923078,0.8205128205128205,0.28205128205128205,0.7948717948717948,1.0700086,0.7148884,0.002033605436234675,0.10795480959532695,0.9142798185348511
deeprecon,art_fgsm_adversarial_0.03_5,JP,1,0.15384615384615385,0.46153846153846156,0.9743589743589743,0.9230769230769231,0.9818355,0.63298213,0.29547443004418106,0.35588918604105524,0.9083197712898254
deeprecon,art_fgsm_adversarial_0.03_5,JP,2,0.6923076923076923,0.6923076923076923,0.9743589743589743,0.9743589743589743,1.0126075,0.65163326,-0.04454638138047891,0.18185208441666426,0.9392545223236084
deeprecon,art_fgsm_adversarial_0.03_5,JP,3,0.41025641025641024,0.8461538461538461,0.7948717948717948,0.6923076923076923,0.9713214,0.60465145,-0.0050735797304982885,0.4401638451677787,0.8819237947463989
deeprecon,art_fgsm_adversarial_0.03_5,JP,4,0.2564102564102564,0.9230769230769231,0.9230769230769231,0.7435897435897436,0.8882377,0.44662195,0.4995289113669391,0.5286571437143992,0.9053710699081421
deeprecon,art_fgsm_adversarial_0.03_5,JP,5,0.0,0.05128205128205128,0.6666666666666666,0.9743589743589743,1.0112436,0.73532605,-0.022910150853395535,0.09800977605959096,0.9275500178337097
deeprecon,art_fgsm_adversarial_0.03_5,JP,6,1.0,0.5128205128205128,0.6153846153846154,0.9743589743589743,1.0317272,0.70918286,0.14561843226483523,0.054156190900569376,0.9534271955490112
deeprecon,art_fgsm_adversarial_0.03_5,JP,7,0.20512820512820512,0.7948717948717948,1.0,0.5128205128205128,1.0431913,0.6870643,0.32178907626796344,0.17911523461554135,0.9210864305496216
deeprecon,art_fgsm_adversarial_0.03_5,JP,8,0.48717948717948717,0.0,0.28205128205128205,0.5384615384615384,1.0200626,0.6946702,-0.04414499154746618,0.21157815930544366,0.9279864430427551
deeprecon,art_fgsm_adversarial_0.03_5,JP,9,0.46153846153846156,0.7948717948717948,0.8205128205128205,0.10256410256410256,1.0012344,0.7555738,0.12422893479987461,0.2324028910597844,0.8874443769454956
deeprecon,art_fgsm_adversarial_0.03_5,JP,10,0.8205128205128205,0.7948717948717948,0.9743589743589743,0.6153846153846154,0.9307167,0.565608,0.4228898840416574,0.48268247699840233,0.9048777222633362
deeprecon,art_fgsm_adversarial_0.03_5,JP,11,0.6923076923076923,0.6666666666666666,0.9230769230769231,0.8974358974358975,1.0348965,0.5285871,0.0372515090509239,0.48856647906092415,0.9028263688087463
deeprecon,art_fgsm_adversarial_0.03_5,JP,12,0.5128205128205128,0.23076923076923078,0.41025641025641024,0.38461538461538464,0.9807167,0.5052645,-0.033660584530108756,0.5845997318937748,0.9344360828399658
deeprecon,art_fgsm_adversarial_0.03_5,JP,13,0.7692307692307693,0.6666666666666666,0.8205128205128205,0.9743589743589743,0.9694806,0.6964601,0.11578447870234433,0.09837798881560121,0.8053635358810425
deeprecon,art_fgsm_adversarial_0.03_5,JP,14,0.8717948717948718,0.717948717948718,0.9230769230769231,0.46153846153846156,1.0157839,0.60305095,-0.3709670324825051,0.64888729681778,0.9404116868972778
deeprecon,art_fgsm_adversarial_0.03_5,JP,15,0.9230769230769231,1.0,0.8205128205128205,0.48717948717948717,1.0090315,0.67490804,-0.20733845413195595,0.10278406824866476,0.9738031029701233
deeprecon,art_fgsm_adversarial_0.03_5,JP,16,0.1794871794871795,0.48717948717948717,0.8205128205128205,0.8974358974358975,0.9962092,0.46332777,-0.16956904891961122,0.5232084331185832,0.903730034828186
deeprecon,art_fgsm_adversarial_0.03_5,JP,17,0.717948717948718,0.6410256410256411,0.8717948717948718,0.6923076923076923,0.9961421,0.77341926,0.21993560797236608,0.10427911010358341,0.9099375009536743
deeprecon,art_fgsm_adversarial_0.03_5,JP,18,0.41025641025641024,0.8717948717948718,0.7435897435897436,0.7948717948717948,1.002023,0.70674646,-0.17718920650164965,0.0864590058047867,0.9169507026672363
deeprecon,art_fgsm_adversarial_0.03_5,JP,19,0.717948717948718,0.5384615384615384,0.6923076923076923,0.717948717948718,1.0485089,0.6815028,0.08430169636510873,0.22990007824783942,0.9183672070503235
deeprecon,art_fgsm_adversarial_0.03_5,JP,20,0.4358974358974359,0.717948717948718,0.9743589743589743,0.8974358974358975,0.95101357,0.5424792,0.22052384297733982,0.6731524143709608,0.9164750576019287
deeprecon,art_fgsm_adversarial_0.03_5,JP,21,0.10256410256410256,0.07692307692307693,0.9230769230769231,0.8461538461538461,0.93936,0.46340734,0.4142223341218372,0.5261762437924693,0.8350779414176941
deeprecon,art_fgsm_adversarial_0.03_5,JP,22,0.8974358974358975,0.20512820512820512,1.0,0.6666666666666666,1.052166,0.6801054,0.04309996245002714,0.3373672919293455,0.9193728566169739
deeprecon,art_fgsm_adversarial_0.03_5,JP,23,0.2564102564102564,0.6153846153846154,0.9743589743589743,0.4358974358974359,0.99102706,0.58210874,0.23814275708637136,0.5000402096035766,0.9536383748054504
deeprecon,art_fgsm_adversarial_0.03_5,JP,24,0.3076923076923077,0.9487179487179487,0.8717948717948718,0.15384615384615385,1.01113,0.60907537,0.017373651603157268,0.4076131411371957,0.9309788346290588
deeprecon,art_fgsm_adversarial_0.03_5,JP,25,0.8717948717948718,0.5897435897435898,0.9743589743589743,0.9487179487179487,0.949989,0.524022,0.5029568168531076,0.7228006772400916,0.7250156998634338
deeprecon,art_fgsm_adversarial_0.03_5,JP,26,0.717948717948718,0.6666666666666666,1.0,0.9230769230769231,1.0490947,0.6452392,0.35010523129015997,0.4082664513961009,0.840451180934906
deeprecon,art_fgsm_adversarial_0.03_5,JP,27,0.358974358974359,0.717948717948718,0.8974358974358975,0.8205128205128205,0.99867105,0.5095044,0.35529413354259376,0.5940752162313588,0.8947992920875549
deeprecon,art_fgsm_adversarial_0.03_5,JP,28,0.07692307692307693,0.6153846153846154,0.5384615384615384,0.7948717948717948,1.0229871,0.6998346,0.016696434926199606,0.12790934690510752,0.9578151106834412
deeprecon,art_fgsm_adversarial_0.03_5,JP,29,0.10256410256410256,0.9487179487179487,0.9230769230769231,0.4358974358974359,1.027383,0.7783686,0.0035712236236910425,0.10799079014736242,0.8728049993515015
deeprecon,art_fgsm_adversarial_0.03_5,JP,30,0.2564102564102564,0.20512820512820512,0.7692307692307693,0.9230769230769231,1.0239867,0.71439064,0.06998863306931635,0.40085218579549037,0.8123098611831665
deeprecon,art_fgsm_adversarial_0.03_5,JP,31,0.717948717948718,0.41025641025641024,0.6410256410256411,0.6410256410256411,0.91781986,0.5091477,0.014765675282061064,0.5761151355539097,0.9070788025856018
deeprecon,art_fgsm_adversarial_0.03_5,JP,32,0.7692307692307693,0.28205128205128205,0.9743589743589743,1.0,1.0169276,0.6898009,0.31777775498914884,0.4136063146544866,0.7648431658744812
deeprecon,art_fgsm_adversarial_0.03_5,JP,33,0.6923076923076923,0.5897435897435898,1.0,1.0,0.9423308,0.54104567,0.36885033438056286,0.5381106584859259,0.8361028432846069
deeprecon,art_fgsm_adversarial_0.03_5,JP,34,0.8461538461538461,0.7948717948717948,0.8205128205128205,1.0,0.958813,0.46466845,0.5140210164878342,0.6056204651634244,0.8513973951339722
deeprecon,art_fgsm_adversarial_0.03_5,JP,35,0.2564102564102564,0.5641025641025641,0.9743589743589743,0.1794871794871795,1.0044973,0.7084485,-0.13533249257170243,0.11912587979561437,0.9011357426643372
deeprecon,art_fgsm_adversarial_0.03_5,JP,36,0.5641025641025641,0.8461538461538461,0.1794871794871795,0.15384615384615385,1.0282944,0.66617775,-0.08722132335651094,0.16504781544799807,0.9426355957984924
deeprecon,art_fgsm_adversarial_0.03_5,JP,37,0.15384615384615385,0.1282051282051282,0.6666666666666666,0.1794871794871795,1.0104555,0.59311044,-0.12903866032413855,0.5358715060934985,0.9028939008712769
deeprecon,art_fgsm_adversarial_0.03_5,JP,38,0.07692307692307693,0.23076923076923078,0.9743589743589743,0.8461538461538461,1.0008427,0.7948539,0.019614111245752807,0.14663897591696867,0.8587673902511597
deeprecon,art_fgsm_adversarial_0.03_5,JP,39,0.3076923076923077,0.7692307692307693,0.7435897435897436,0.7692307692307693,0.98411864,0.71935356,-0.24632148097243112,0.14157013858774828,0.895413875579834
deeprecon,art_fgsm_adversarial_0.03_5,JP,40,0.358974358974359,0.7435897435897436,0.9743589743589743,0.9487179487179487,1.04689,0.6743442,-0.03834055264806176,0.06096806071876921,0.956346333026886
deeprecon,art_fgsm_adversarial_0.03_5,TH,1,0.8717948717948718,0.717948717948718,0.5128205128205128,0.8205128205128205,0.9552967,0.62058616,0.19278140337975555,0.3269622796357431,0.8761051297187805
deeprecon,art_fgsm_adversarial_0.03_5,TH,2,0.7692307692307693,0.15384615384615385,0.5384615384615384,0.38461538461538464,1.006588,0.6728065,-0.1304134967590446,0.149101249649443,0.7982584238052368
deeprecon,art_fgsm_adversarial_0.03_5,TH,3,0.6153846153846154,0.8717948717948718,0.9743589743589743,0.9743589743589743,0.9851351,0.63460815,0.060393743086745784,0.3059131448919613,0.8587866425514221
deeprecon,art_fgsm_adversarial_0.03_5,TH,4,0.48717948717948717,0.8205128205128205,0.8717948717948718,0.8974358974358975,1.0174677,0.52456766,0.17444222188056058,0.5317863987318051,0.894422709941864
deeprecon,art_fgsm_adversarial_0.03_5,TH,5,0.9487179487179487,0.2564102564102564,0.8717948717948718,0.7948717948717948,0.98625195,0.7699418,-0.086687875005895,0.10105165822419847,0.8998215198516846
deeprecon,art_fgsm_adversarial_0.03_5,TH,6,0.5128205128205128,0.6153846153846154,0.8717948717948718,0.9230769230769231,1.0688277,0.73647547,0.11772541020049593,0.10542154767251061,0.87876296043396
deeprecon,art_fgsm_adversarial_0.03_5,TH,7,0.6410256410256411,0.6153846153846154,0.8974358974358975,0.3076923076923077,0.99086946,0.7422626,0.21128611212649145,0.22691285260975935,0.9228894710540771
deeprecon,art_fgsm_adversarial_0.03_5,TH,8,0.38461538461538464,0.0,0.8461538461538461,0.9743589743589743,1.006784,0.6600759,0.36622540609419646,0.329073513463156,0.9270764589309692
deeprecon,art_fgsm_adversarial_0.03_5,TH,9,0.23076923076923078,0.9230769230769231,0.9487179487179487,0.6923076923076923,0.9726683,0.75213915,0.19194902732874766,0.18845142305811236,0.888633131980896
deeprecon,art_fgsm_adversarial_0.03_5,TH,10,0.717948717948718,0.5641025641025641,0.8717948717948718,0.9487179487179487,1.0394326,0.49209404,0.0983766124480107,0.4980386137420379,0.9015969038009644
deeprecon,art_fgsm_adversarial_0.03_5,TH,11,0.1282051282051282,0.5641025641025641,0.6666666666666666,0.48717948717948717,1.0670302,0.54979086,0.0034464040995107986,0.6383705293722658,0.9619331955909729
deeprecon,art_fgsm_adversarial_0.03_5,TH,12,0.23076923076923078,0.1794871794871795,0.9230769230769231,0.5128205128205128,1.0613757,0.53256416,0.11618679965428712,0.4435625633571873,0.9119663834571838
deeprecon,art_fgsm_adversarial_0.03_5,TH,13,0.2564102564102564,0.6153846153846154,0.9487179487179487,1.0,0.98393285,0.75960916,0.2450762727541815,0.1361432864504933,0.8319659233093262
deeprecon,art_fgsm_adversarial_0.03_5,TH,14,0.7692307692307693,0.9743589743589743,1.0,0.5897435897435898,1.0034086,0.6170274,0.09784462654402788,0.6009731640719248,0.9236719608306885
deeprecon,art_fgsm_adversarial_0.03_5,TH,15,0.5384615384615384,1.0,0.717948717948718,0.9743589743589743,1.0266969,0.6988385,-0.048664948071476394,0.22163412029419713,0.9334225654602051
deeprecon,art_fgsm_adversarial_0.03_5,TH,16,0.10256410256410256,0.717948717948718,0.9743589743589743,0.8205128205128205,0.97464913,0.4450847,0.1864611573464461,0.5685042967085369,0.8802833557128906
deeprecon,art_fgsm_adversarial_0.03_5,TH,17,1.0,0.5897435897435898,0.8205128205128205,0.7948717948717948,1.0519857,0.7543441,0.09283363410957916,0.2985081524015739,0.9089008569717407
deeprecon,art_fgsm_adversarial_0.03_5,TH,18,0.8205128205128205,0.8974358974358975,0.23076923076923078,0.41025641025641024,0.93914974,0.7514581,-0.06378519529043053,0.1341939958713922,0.9011842012405396
deeprecon,art_fgsm_adversarial_0.03_5,TH,19,0.8461538461538461,0.10256410256410256,0.8461538461538461,0.9487179487179487,0.99964255,0.6425631,-0.07559446852543696,0.5499624275030165,0.8797323107719421
deeprecon,art_fgsm_adversarial_0.03_5,TH,20,0.0,0.48717948717948717,0.8461538461538461,0.8974358974358975,1.0040443,0.5451193,0.12323259121094485,0.5750631008490797,0.9787895083427429
deeprecon,art_fgsm_adversarial_0.03_5,TH,21,0.6923076923076923,0.02564102564102564,0.7692307692307693,0.6410256410256411,0.97857046,0.47236508,0.28667995215270703,0.5027006013295674,0.8781941533088684
deeprecon,art_fgsm_adversarial_0.03_5,TH,22,0.2564102564102564,0.5641025641025641,1.0,0.9230769230769231,0.9980463,0.6364925,0.42656903295997334,0.3499477233065198,0.8994952440261841
deeprecon,art_fgsm_adversarial_0.03_5,TH,23,0.358974358974359,0.6666666666666666,0.9743589743589743,0.6153846153846154,0.9704133,0.61031854,-0.02633084620475268,0.46576883340960146,0.9236787557601929
deeprecon,art_fgsm_adversarial_0.03_5,TH,24,0.20512820512820512,0.9487179487179487,0.9743589743589743,0.9230769230769231,0.94566005,0.5431428,0.1439594406612698,0.76912806695195,0.9120906591415405
deeprecon,art_fgsm_adversarial_0.03_5,TH,25,0.9230769230769231,0.10256410256410256,1.0,0.9230769230769231,1.0801669,0.54757905,0.3780424210198381,0.5394458438480052,0.8311588764190674
deeprecon,art_fgsm_adversarial_0.03_5,TH,26,0.9487179487179487,0.6153846153846154,1.0,1.0,0.95459706,0.7325777,0.1722278708843711,0.3282566149410313,0.8390374779701233
deeprecon,art_fgsm_adversarial_0.03_5,TH,27,0.02564102564102564,0.8461538461538461,0.8461538461538461,0.7948717948717948,1.0097542,0.47681558,0.36611815422039873,0.5830381451708826,0.9107792377471924
deeprecon,art_fgsm_adversarial_0.03_5,TH,28,0.05128205128205128,0.9487179487179487,0.717948717948718,0.6923076923076923,1.0427705,0.73837984,-0.049156447563857134,0.09141033278470048,0.9366194605827332
deeprecon,art_fgsm_adversarial_0.03_5,TH,29,0.8205128205128205,0.8461538461538461,0.8717948717948718,0.28205128205128205,1.0158685,0.75887936,0.06295207961680256,0.23155772582744255,0.9477779865264893
deeprecon,art_fgsm_adversarial_0.03_5,TH,30,0.15384615384615385,0.6666666666666666,0.7948717948717948,0.717948717948718,0.9267055,0.64734876,0.09572032461348984,0.3837789834774587,0.8288488388061523
deeprecon,art_fgsm_adversarial_0.03_5,TH,31,0.9743589743589743,0.3076923076923077,0.6923076923076923,0.8974358974358975,0.93933535,0.5633835,0.030724961704731393,0.5276880238448689,0.8972001075744629
deeprecon,art_fgsm_adversarial_0.03_5,TH,32,0.5384615384615384,0.28205128205128205,0.8974358974358975,1.0,0.9966891,0.6707204,0.2603443803709295,0.2582329947041634,0.8614517450332642
deeprecon,art_fgsm_adversarial_0.03_5,TH,33,0.5128205128205128,0.2564102564102564,1.0,0.9487179487179487,0.93403715,0.5761543,0.24708480769607863,0.36817314432933085,0.8218667507171631
deeprecon,art_fgsm_adversarial_0.03_5,TH,34,0.9230769230769231,0.6410256410256411,0.8717948717948718,0.6410256410256411,0.9707596,0.61088085,0.24505057836765978,0.5386930853026283,0.9392892122268677
deeprecon,art_fgsm_adversarial_0.03_5,TH,35,0.358974358974359,0.8205128205128205,0.6410256410256411,0.5641025641025641,0.9873632,0.6837026,0.26681982775599294,0.14723894310298757,0.8907110691070557
deeprecon,art_fgsm_adversarial_0.03_5,TH,36,0.46153846153846156,0.6410256410256411,0.5384615384615384,0.10256410256410256,1.0435227,0.70230436,-0.061806043543122934,0.11518338271049886,0.8777686953544617
deeprecon,art_fgsm_adversarial_0.03_5,TH,37,0.8205128205128205,0.23076923076923078,0.46153846153846156,0.6923076923076923,0.9502357,0.56106246,0.0785486303927926,0.6041365452069782,0.8546184301376343
deeprecon,art_fgsm_adversarial_0.03_5,TH,38,0.05128205128205128,0.20512820512820512,0.9487179487179487,0.9230769230769231,1.03324,0.715047,0.05932569103639623,0.174052200667119,0.8708535432815552
deeprecon,art_fgsm_adversarial_0.03_5,TH,39,0.8205128205128205,0.9743589743589743,0.8205128205128205,0.8974358974358975,0.97474575,0.675141,-0.14012698634902504,0.18687712554440283,0.8884753584861755
deeprecon,art_fgsm_adversarial_0.03_5,TH,40,0.46153846153846156,0.6666666666666666,0.6410256410256411,0.3076923076923077,0.9888627,0.7721326,-0.03956884314189093,0.140846746342256,0.9484691619873047
